s_m,x_m,y_m,psi_rad,kappa_radpm,vx_mps,ax_mps2
0.0000000,89656.6653427,43128.5109613,2.8594281,-0.0911608,9.8081139,-5.1910739
0.7860855,89656.4211802,43127.7637564,2.7832602,-0.0972139,9.2642786,-1.1713363
1.6602338,89656.0835498,43126.9574433,2.6939112,-0.1091572,9.1370904,-0.3877113
2.5966476,89655.6383863,43126.1336106,2.5870874,-0.1223008,9.0945994,-0.3877113
3.5624880,89655.0836647,43125.3429579,2.4678312,-0.1265260,9.0519090,0.7791217
4.5413091,89654.4273514,43124.6167737,2.3475141,-0.1202116,9.1374949,0.5228389
5.5252826,89653.6862018,43123.9695479,2.2360163,-0.1069522,9.1944816,2.0276300
6.5090237,89652.8813351,43123.4039189,2.1391644,-0.0900232,9.4122198,3.9057897
7.4908619,89652.0312716,43122.9125959,2.0593891,-0.0722403,9.8180449,4.8481531
8.4729630,89651.1482792,43122.4826577,1.9953484,-0.0580162,10.2995660,4.8027450
9.4576974,89650.2397746,43122.1027612,1.9409493,-0.0523753,10.7553420,4.7577623
10.4468445,89649.3086994,43121.7688287,1.8868971,-0.0567644,11.1885578,-3.7026709
11.4424558,89648.3541000,43121.4860182,1.8248998,-0.0678158,10.8529052,-1.8281422
12.4426067,89647.3781291,43121.2674258,1.7506685,-0.0810039,10.6832933,-1.7710401
13.4414411,89646.3889773,43121.1286853,1.6640138,-0.0927762,10.5163708,-1.8122499
14.4356430,89645.3958671,43121.0821072,1.5676478,-0.1009800,10.3427760,-0.4967831
15.4258309,89644.4070889,43121.1349254,1.4656822,-0.1046800,10.2946781,-0.4967831
16.4140644,89643.4310043,43121.2894061,1.3629462,-0.1028949,10.2463544,-0.2127418
17.4027308,89642.4752409,43121.5423442,1.2651984,-0.0945334,10.2255905,1.1258149
18.3942668,89641.5446192,43121.8845238,1.1777348,-0.0817667,10.3349979,2.4303287
19.3898897,89640.6411363,43122.3028342,1.1034209,-0.0676032,10.5673176,3.9820148
20.3886286,89639.7651567,43122.7825624,1.0431184,-0.0533727,10.9373045,4.7392595
21.3868691,89638.9164015,43123.3080132,0.9964196,-0.0401303,11.3619586,4.6948714
22.3856923,89638.0888962,43123.8673725,0.9621736,-0.0285586,11.7675352,4.6508990
23.3811448,89637.2803913,43124.4481009,0.9292130,-0.0381197,12.1559782,4.6073384
24.3620841,89636.5057924,43125.0499634,0.8837017,-0.0540314,12.5289141,4.5641858
25.3442487,89635.7632648,43125.6928476,0.8333371,-0.0485615,12.8877208,4.5214374
26.3268589,89635.0519204,43126.3707207,0.7881677,-0.0434371,13.2335782,4.4790894
27.3084066,89634.3708710,43127.0775500,0.7570045,-0.0201969,13.5675061,4.4371380
28.2808972,89633.7100556,43127.7910351,0.7470922,0.0000000,13.8903934,4.3955796
29.2771982,89633.0330608,43128.5219891,0.7470922,0.0000000,14.2030207,4.3544103
30.2909681,89632.3441958,43129.2657594,0.7470922,0.0000000,14.5060783,4.0388825
31.2910453,89631.6646350,43129.9994839,0.7470922,-0.0000000,14.7816225,2.6500026
32.2858158,89630.9886802,43130.7293150,0.7470922,-0.0000000,14.9596561,-1.0392877
33.2619909,89630.3253611,43131.4455033,0.7470922,-0.0000000,14.8900879,-1.0392877
34.2633390,89629.6449368,43132.1801602,0.7470922,0.0000001,14.8201932,-0.5278977
35.2478001,89628.9759873,43132.9024276,0.7470923,-0.0000000,14.7845642,1.2132361
36.2232799,89628.3131407,43133.6181057,0.7470922,-0.0000000,14.8663208,3.5565045
37.2039571,89627.6467624,43134.3375970,0.7470922,-0.0000001,15.1034339,4.2307170
38.1923636,89626.9751320,43135.0627591,0.7327372,-0.0289900,15.3807371,4.1910918
39.1826727,89626.3233222,43135.8083166,0.6902708,-0.0567335,15.6505993,4.1518378
40.1745118,89625.7135059,43136.5905372,0.6347310,-0.0553269,15.9134223,4.1129515
41.1664647,89625.1474540,43137.4051265,0.5803328,-0.0544264,16.1695721,4.0744294
42.1569290,89624.6269375,43138.2477902,0.5412742,-0.0241381,16.4193832,4.0362681
43.1562455,89624.1223361,43139.1103509,0.5335658,0.0084956,16.6631623,3.9984642
44.1557613,89623.6103272,43139.9687672,0.5431025,0.0105956,16.9011915,3.9610143
45.1546308,89623.0895959,43140.8211634,0.5545335,0.0122588,17.1337311,3.9239153
46.1556573,89622.5573082,43141.6689392,0.5660775,0.0108485,17.3610219,3.8871637
47.1551377,89622.0166888,43142.5095888,0.5756072,0.0082238,17.5832872,3.8507563
48.1522153,89621.4705025,43143.3437616,0.5825736,0.0057002,17.8007346,3.8146899
49.1544918,89620.9166990,43144.1791417,0.5874545,0.0040772,18.0135574,3.7789613
50.1547432,89620.3606156,43145.0105707,0.5909055,0.0028288,18.2219362,3.7435674
51.1500261,89619.8049616,43145.8363047,0.5930019,0.0013616,18.4260400,-12.0496172
52.1513217,89619.2448221,43146.6662665,0.5929277,-0.0015052,17.7607070,-11.9050608
53.1502918,89618.6872307,43147.4951411,0.5896783,-0.0050112,17.0779190,-10.9617331
54.1463808,89618.1353858,43148.3243941,0.5831634,-0.0080875,16.4241521,-10.9608532
55.1384992,89617.5923989,43149.1547338,0.5749511,-0.0084008,15.7433157,-11.0731913
56.1346600,89617.0541814,43149.9929810,0.5669854,-0.0075466,15.0242052,-11.3501059
57.1413111,89616.5167131,43150.8441415,0.5594255,-0.0076874,14.2494980,-10.3102948
58.1302319,89615.9951405,43151.6843358,0.5486015,-0.0139345,13.5073048,-9.1629093
59.1284269,89615.4804681,43152.5396168,0.5306264,-0.0219758,12.8116726,-8.2971093
60.1372312,89614.9795126,43153.4152478,0.5047255,-0.0298072,12.1474513,-7.5860738
61.1391424,89614.5082612,43154.2994130,0.4706201,-0.0380939,11.5066461,-6.9636016
62.1402940,89614.0714109,43155.2002273,0.4279318,-0.0472843,10.8852650,-6.4154791
63.1385806,89613.6787461,43156.1180456,0.3752404,-0.0579950,10.2796051,-5.4737947
64.1392127,89613.3391226,43157.0592791,0.3095395,-0.0736283,9.7330950,-4.5187266
65.1372183,89613.0703331,43158.0204073,0.2269567,-0.0918303,9.2576623,-3.9002874
66.1329913,89612.8909660,43158.9998925,0.1256518,-0.1075617,8.8267310,-3.7078705
67.1637823,89612.8167384,43160.0280075,0.0147313,-0.1106839,8.3965777,-4.5420110
68.1993434,89612.8605768,43161.0626403,-0.1010373,-0.1212551,7.8375483,-3.2705711
69.1668574,89613.0184072,43162.0171940,-0.2486448,-0.1681432,7.4089314,-0.2549199
70.1741070,89613.3448711,43162.9700702,-0.4336851,-0.2117390,7.3744770,-0.2549199
71.1510130,89613.8475737,43163.8077071,-0.6204472,-0.1663477,7.3398609,0.0962443
72.1108935,89614.4672588,43164.5407562,-0.7697240,-0.1374351,7.3529493,-1.7106526
73.0987324,89615.2000258,43165.2032349,-0.9403149,-0.2058829,7.1167284,-0.2352087
74.1128204,89616.0756969,43165.7146786,-1.1545692,-0.2249582,7.0836329,-0.2352087
75.1099142,89617.0276911,43166.0111632,-1.3510843,-0.1627845,7.0503820,3.8747872
76.1187330,89618.0268543,43166.1504053,-1.4981545,-0.1367001,7.5795821,4.2681960
77.0810957,89618.9892106,43166.1539028,-1.6487065,-0.1687765,8.1227034,0.0643603
78.0463267,89619.9422339,43166.0008750,-1.8133883,-0.1612428,8.1306154,0.6607222
79.0793473,89620.9226546,43165.6754418,-1.9431941,-0.1081668,8.2114000,4.7596003
80.0387080,89621.7953608,43165.2769987,-2.0405536,-0.0806610,8.7713857,4.9393568
81.0664470,89622.6930867,43164.7766632,-2.1209421,-0.0803604,9.3170002,4.7498031
82.1036544,89623.5541056,43164.1983504,-2.2100580,-0.0930351,9.8131051,2.1921135
83.1310337,89624.3480815,43163.5463454,-2.3048187,-0.0933969,10.0337967,2.0782995
84.1262885,89625.0542078,43162.8449770,-2.3939012,-0.0841061,10.2386380,2.6569595
85.1030428,89625.6877917,43162.1015926,-2.4710148,-0.0706292,10.4946918,3.7323425
86.1009479,89626.2805918,43161.2988456,-2.5344337,-0.0579083,10.8441743,4.6302586
87.0995754,89626.8264105,43160.4625808,-2.5859486,-0.0453725,11.2626727,4.7054010
88.0964564,89627.3329340,43159.6039740,-2.6252230,-0.0332838,11.6726011,4.6613299
89.0949363,89627.8114370,43158.7276196,-2.6550661,-0.0265368,12.0649649,4.6176717
90.0936938,89628.2666770,43157.8386466,-2.6793126,-0.0220131,12.4414592,4.5744223
91.0928860,89628.7024487,43156.9394869,-2.6991026,-0.0176200,12.8035160,4.5315780
92.0913879,89629.1220385,43156.0334238,-2.7151029,-0.0144097,13.1523583,4.4891350
93.0903284,89629.5287244,43155.1210156,-2.7281793,-0.0117694,13.4890411,4.4470895
94.0899268,89629.9249125,43154.2032836,-2.7386257,-0.0091450,13.8144823,4.4054379
95.0889158,89630.3124610,43153.2825311,-2.7464204,-0.0064548,14.1294864,4.3641763
96.0878807,89630.6940551,43152.3593210,-2.7515079,-0.0037293,14.4347639,4.3233012
97.0871516,89631.0723225,43151.4344123,-2.7538806,-0.0010207,14.7309457,4.2828089
98.0865642,89631.4496998,43150.5089871,-2.7536115,0.0015592,15.0185953,4.2426959
99.0858692,89631.8284779,43149.5842505,-2.7508000,0.0040696,15.2982188,4.2029586
100.0846731,89632.2108207,43148.6615246,-2.7454560,0.0066292,15.5702727,-0.5407448
101.0834703,89632.5992621,43147.7413566,-2.7373383,0.0096265,15.5355378,-10.1877626
102.0821844,89632.9964994,43146.8250420,-2.7260950,0.0128838,14.8659630,-9.6988127
103.0812363,89633.4056343,43145.9136073,-2.7116577,0.0159970,14.1992162,-9.6179782
104.0818661,89633.8299635,43145.0074038,-2.6947885,0.0177420,13.5055597,-9.6152024
105.0826579,89634.2703857,43144.1087312,-2.6765972,0.0186679,12.7745094,-9.7184720
106.0805767,89634.7261838,43143.2209868,-2.6570808,0.0204493,11.9904002,-8.4824875
107.0757011,89635.1986502,43142.3451740,-2.6306715,0.0325947,11.2614792,-6.5823720
108.0700313,89635.6988614,43141.4858246,-2.5883600,0.0521690,10.6615540,-5.2917895
109.0702390,89636.2463063,43140.6487348,-2.5278371,0.0692376,10.1535833,-4.8693173
110.0690190,89636.8494723,43139.8526491,-2.4525780,0.0812962,9.6626039,-4.5466682
111.0682057,89637.5155198,43139.1078305,-2.3650960,0.0934698,9.1804823,-4.0350966
112.0707793,89638.2507395,43138.4262105,-2.2624052,0.1091965,8.7303359,-3.9667956
113.0954935,89639.0745864,43137.8168539,-2.1464492,0.1181051,8.2639425,-4.1610638
114.1310409,89639.9757627,43137.3067171,-2.0235882,0.1272917,7.7445826,-4.0057358
115.1094498,89640.8818745,43136.9376026,-1.8770867,0.1625103,7.2093505,-1.2406707
116.0996434,89641.8467312,43136.7150381,-1.6888800,0.2187202,7.0353224,-0.2298585
117.0909414,89642.8379836,43136.7055384,-1.4651878,0.2386006,7.0026054,-0.2298585
118.0543690,89643.7773100,43136.9196851,-1.2437005,0.2086224,6.9697349,1.8594693
119.0395549,89644.6737271,43137.3283752,-1.0449856,0.1941037,7.2313618,1.6835554
120.0482078,89645.4937262,43137.9157270,-0.8505719,0.1968119,7.4603278,0.6420706
121.0490968,89646.1768132,43138.6472808,-0.6608982,0.1800986,7.5458205,1.5318376
122.0499932,89646.7174735,43139.4895871,-0.4920092,0.1591939,7.7459769,2.2546061
123.0369177,89647.1129121,43140.3938262,-0.3349838,0.1596208,8.0315046,1.3938486
124.0041549,89647.3579557,43141.3295086,-0.1730942,0.1627360,8.2030545,0.5334280
125.0235447,89647.4539525,43142.3443682,-0.0263786,0.1396929,8.2677652,2.1480798
125.9953879,89647.4103484,43143.3152327,0.1020522,0.1149044,8.5233797,3.4222173
126.9899278,89647.2539468,43144.2973978,0.2134819,0.1073559,8.9154867,3.1705143
128.0245710,89646.9810753,43145.2954096,0.3221609,0.1096055,9.2639560,2.0476421
129.0325603,89646.6082283,43146.2319071,0.4268474,0.0959232,9.4822074,2.9692101
130.0320363,89646.1509419,43147.1206374,0.5115117,0.0723841,9.7900464,4.6359598
131.0348168,89645.6287753,43147.9767394,0.5737567,0.0517701,10.2522232,4.8073059
132.0416165,89645.0605289,43148.8078481,0.6173301,0.0350246,10.7104396,4.7622804
133.0473396,89644.4639870,43149.6175498,0.6449931,0.0201778,11.1458058,4.7176766
134.0415583,89643.8582392,43150.4059281,0.6570765,0.0039730,11.5609401,4.6734906
135.0164161,89643.2612682,43151.1766248,0.6590514,-0.0000001,11.9579846,4.6297185
136.0026848,89642.6573096,43151.9563427,0.6590514,0.0000001,12.3387194,4.5863563
136.9794370,89642.0591786,43152.7285370,0.6590515,0.0000001,12.7046430,4.5434002
137.9541099,89641.4623208,43153.4990875,0.6590515,-0.0000001,13.0570319,4.5008465
138.9381552,89640.8597237,43154.2770476,0.6590514,-0.0000000,13.3969842,4.4586913
139.9163408,89640.2607149,43155.0503752,0.6590515,0.0000001,13.7254529,4.4169310
140.8929693,89639.6626596,43155.8224717,0.6590515,-0.0000001,14.0432720,4.3755618
141.8746740,89639.0614958,43156.5985814,0.6590515,0.0000000,14.3511763,4.3345800
142.8534830,89638.4621052,43157.3724018,0.6590514,-0.0000001,14.6498173,4.2939821
143.8314861,89637.8632082,43158.1455851,0.6590514,0.0000000,14.9397763,4.2537645
144.8107627,89637.2635313,43158.9197752,0.6590515,0.0000001,15.2215743,4.2139235
145.7907446,89636.6634225,43159.6945228,0.6590515,-0.0000000,15.4956810,4.1744556
146.7695579,89636.0640293,43160.4683466,0.6590515,0.0000000,15.7625211,4.1353575
147.7465032,89635.4657800,43161.2406936,0.6590514,-0.0000000,16.0224809,4.0966255
148.7279031,89634.8648029,43162.0165623,0.6590514,0.0000000,16.2759124,-8.5212624
149.7078032,89634.2647442,43162.7912453,0.6590514,-0.0000000,15.7441756,-10.2702390
150.6836327,89633.6671782,43163.5627102,0.6590514,-0.0000000,15.0784015,-10.2042769
151.6662413,89633.0654609,43164.3395345,0.6590515,0.0000001,14.3864212,-10.1872006
152.6452569,89632.4659438,43165.1135182,0.6590515,-0.0000000,13.6606792,-11.1626235
153.6159455,89631.8715259,43165.8809188,0.6590515,-0.0000000,12.8183547,-10.5659739
154.5989505,89631.2695658,43166.6580565,0.6590514,-0.0000001,11.9665549,-8.9325605
155.5909144,89630.6621197,43167.4422768,0.6590515,0.0000001,11.1959977,-6.3655288
156.5762020,89630.0587618,43168.2212190,0.6590515,-0.0000001,10.6127969,-3.6655452
157.5593745,89629.4566992,43168.9984891,0.6590514,0.0000000,10.2619376,-0.4890478
158.5331397,89628.8603973,43169.7683220,0.6590515,0.0000000,10.2142156,-0.4890478
159.5356487,89628.2464936,43170.5608790,0.6590514,-0.0000001,10.1662697,0.1190962
160.5151809,89627.6466602,43171.3352712,0.6600563,0.0020805,10.1779666,0.3281012
161.4812620,89627.0535193,43172.0978304,0.6690831,0.0165762,10.2101215,0.2626496
162.4474383,89626.4481830,43172.8508673,0.7269624,0.1042015,10.2357891,3.8551655
163.4042666,89625.7770893,43173.5328890,0.8354885,0.1217095,10.6053925,-4.2237180
164.3595502,89625.0325164,43174.1313688,0.9304353,0.0752795,10.1997538,-7.3671222
165.3339999,89624.2306953,43174.6851151,0.9815652,0.0302916,9.4506505,-4.4650440
166.3352600,89623.3901580,43175.2291913,0.9891903,-0.0140615,8.9662271,-2.9934367
167.3499670,89622.5462329,43175.7925923,0.9513286,-0.0609236,8.6262430,-2.6039244
168.3616330,89621.7410962,43176.4051468,0.8658595,-0.1116270,8.3192061,-4.1979874
169.3385881,89621.0339281,43177.0792051,0.7318027,-0.1611694,7.7987966,-1.7239539
170.3001156,89620.4497359,43177.8429162,0.5618034,-0.1829295,7.5747350,-0.2664572
171.2957315,89619.9955151,43178.7288814,0.3741786,-0.2037731,7.5395096,-0.2664572
172.2713340,89619.7328813,43179.6684684,0.1924178,-0.1685283,7.5041188,2.8244510
173.2214456,89619.6284695,43180.6128255,0.0305771,-0.1574235,7.8711696,1.9852177
174.2308978,89619.6731512,43181.6212883,-0.1268179,-0.1620066,8.1192337,0.9766863
175.2487133,89619.8840090,43182.6170229,-0.2830026,-0.1508109,8.2385353,1.4400659
176.2334687,89620.2307535,43183.5387124,-0.4240795,-0.1265890,8.4113523,2.7841475
177.2479064,89620.7049932,43184.4354735,-0.5445397,-0.1152033,8.7357787,2.9258620
178.2558204,89621.2766025,43185.2656262,-0.6598067,-0.1147639,9.0642136,2.1794046
179.2451546,89621.9272233,43186.0109280,-0.7761070,-0.1167075,9.3013234,1.4729762
180.2459249,89622.6683316,43186.6834602,-0.8916857,-0.1154842,9.4582112,1.2258968
181.2466345,89623.4820358,43187.2659593,-1.0050528,-0.1124202,9.5868249,0.2990544
182.2343518,89624.3443190,43187.7476782,-1.1177872,-0.1123564,9.6179390,-2.0442994
183.2387406,89625.2704002,43188.1364847,-1.2327119,-0.1161487,9.4031938,-2.0885302
184.2611045,89626.2530271,43188.4187477,-1.3524957,-0.1156614,9.1786153,-1.9922258
185.3225280,89627.3010380,43188.5869528,-1.4656506,-0.1065680,8.9591478,-3.9608895
186.3354047,89628.3127208,43188.6361174,-1.5760819,-0.1174818,8.5060044,-0.3360035
187.2516007,89629.2269928,43188.5767730,-1.7191758,-0.1624944,8.4664482,-0.3360035
188.2788887,89630.2288692,43188.3496952,-1.8657379,-0.1496970,8.4267064,0.2046691
189.2407309,89631.1249556,43188.0001674,-1.9615805,-0.0406714,8.4509365,4.9652266
190.1688816,89631.9760541,43187.6299041,-2.0014715,-0.0411198,9.0188305,4.9187220
191.1576307,89632.8664740,43187.2000469,-2.0674983,-0.0867039,9.5481600,3.6158302
192.2400677,89633.7951237,43186.6439177,-2.1592881,-0.1007559,9.9192801,0.2598809
193.2105916,89634.5718055,43186.0619538,-2.2441314,-0.0599347,9.9454202,4.8363529
194.2210427,89635.3430615,43185.4091325,-2.2837709,-0.0207784,10.4199260,4.7910554
195.2366338,89636.1042587,43184.7368200,-2.2874007,0.0129438,10.8695825,1.4399711
196.2978494,89636.9090224,43184.0450585,-2.2651034,0.0306140,11.0011371,-8.0474213
197.3250739,89637.7090142,43183.4006958,-2.2287444,0.0427833,10.2442928,-6.5402531
198.2652956,89638.4654174,43182.8422417,-2.1728258,0.0673009,9.5852758,-2.8685690
199.2737932,89639.3142628,43182.2976970,-2.0884531,0.1083034,9.2814789,-1.1043517
200.2470592,89640.1850524,43181.8629876,-1.9717900,0.1304489,9.1618369,-0.9515133
201.1973822,89641.0817727,43181.5483346,-1.8433826,0.1330805,9.0574855,-0.4841342
202.1718079,89642.0349312,43181.3458642,-1.7034015,0.1459022,9.0039269,-0.3764927
203.2222234,89643.0833634,43181.2813466,-1.5624141,0.1453533,8.9620552,-0.3764927
204.1824385,89644.0401284,43181.3626727,-1.4220346,0.1272671,8.9199869,1.5929067
205.1869532,89645.0225954,43181.5719772,-1.2994700,0.1187040,9.0966444,1.8653287
206.2212222,89646.0007282,43181.9080852,-1.1829436,0.1139463,9.2992493,1.1704995
207.2188933,89646.9004569,43182.3391720,-1.0805690,0.0865258,9.4241605,3.9281299
208.2220918,89647.7642929,43182.8492648,-1.0092892,0.0563821,9.8317630,4.8468895
209.2188817,89648.5926814,43183.4036677,-0.9659965,0.0293960,10.3125211,4.8014933
210.2399100,89649.4239998,43183.9964649,-0.9476879,0.0073126,10.7676327,4.7565223
211.2401767,89650.2341000,43184.5832111,-0.9516543,-0.0157722,11.2002625,-6.4585389
212.2165203,89651.0336562,43185.1435294,-0.9797041,-0.0417400,10.6085404,-5.6267136
213.1825048,89651.8465468,43185.6653866,-1.0328447,-0.0665812,10.0647127,-5.0611689
214.1664781,89652.7073198,43186.1421186,-1.1065268,-0.0794673,9.5491237,-4.8863368
215.2110947,89653.6589359,43186.5729906,-1.1857497,-0.0788484,9.0234371,-5.9431624
216.2283712,89654.6166642,43186.9159307,-1.2705333,-0.0846625,8.3395105,-5.7390044
217.2577534,89655.6121893,43187.1777656,-1.3696986,-0.1154796,7.6210486,-1.9965704
218.2286602,89656.5733751,43187.3148124,-1.4981888,-0.1422772,7.3546619,-1.6516172
219.1980927,89657.5428017,43187.3181895,-1.6400029,-0.1485551,7.1267784,-0.3252600
220.1758593,89658.5108270,43187.1805136,-1.7908284,-0.1607657,7.0810360,-9.5329343
221.1546096,89659.4462355,43186.8924806,-1.9574575,-0.1792936,5.5761454,-0.1443979
222.1344437,89660.3178116,43186.4447866,-2.1442165,-0.1991597,5.5502142,-0.1443979
223.1260403,89661.0943395,43185.8281276,-2.3440903,-0.1976053,5.5241613,5.1569546
224.1580882,89661.7587076,43185.0383569,-2.5226185,-0.1470881,6.3890863,5.1086543
225.2501124,89662.3229640,43184.1034068,-2.6873116,-0.1653994,7.1433872,-2.5103702
226.3214903,89662.7042382,43183.1021673,-2.8580225,-0.1737787,6.7832170,-1.6593330
227.2444053,89662.8788505,43182.1959208,-3.0764703,-0.2587992,6.5342584,-0.1982829
228.2095895,89662.8261890,43181.2321743,2.9707198,-0.2419138,6.5038716,-0.1982829
229.1687974,89662.5538456,43180.3124413,2.8234189,-0.0667953,6.4733422,5.1035743
230.0755592,89662.2427362,43179.4607207,2.7110554,-0.1472748,7.2181415,3.9034038
231.1651734,89661.7228750,43178.5031178,2.5576942,-0.1759479,7.7395687,0.6111624
232.1476454,89661.1051771,43177.7391148,2.3938909,-0.1348879,7.8180612,3.7068710
233.1521270,89660.3748711,43177.0494508,2.2716962,-0.1079623,8.2782092,4.4185473
234.1868447,89659.5490561,43176.4260165,2.1606247,-0.1083881,8.7953061,3.3383395
235.2347701,89658.6468774,43175.8928924,2.0486724,-0.1085250,9.1666633,2.4154000
236.2634426,89657.7080204,43175.4725180,1.9463613,-0.0933344,9.4262350,3.2937922
237.2363250,89656.7868601,43175.1595262,1.8623178,-0.0740639,9.7690943,4.4320610
238.2087813,89655.8459692,43174.9137713,1.8045201,-0.0438881,10.2122899,4.8111366
239.2004168,89654.8766143,43174.7047450,1.7864660,0.0066532,10.6725796,4.7660752
240.1885754,89653.9120509,43174.4900944,1.8145458,0.0520421,11.1097709,3.9490981
241.1408227,89652.9941669,43174.2365909,1.8641944,0.0483321,11.4593921,-6.0598767
242.1310793,89652.0530687,43173.9284638,1.9032491,0.0306824,10.9183094,-8.8233541
243.1766268,89651.0700684,43173.5722617,1.9295384,0.0217557,10.0786712,-8.8801923
244.1967455,89650.1190265,43173.2032611,1.9623943,0.0422960,9.1562098,-6.8376105
245.2124771,89649.1887673,43172.7954272,2.0231806,0.0793140,8.3769928,-4.1918301
246.2009837,89648.3178235,43172.3278780,2.1321344,0.1301266,7.8611926,-4.1553060
247.2554644,89647.4631094,43171.7103075,2.2730500,0.1486861,7.3140734,-3.7659384
248.2842220,89646.7322783,43170.9862716,2.4167394,0.1450539,6.7801903,-5.2978539
249.1827755,89646.1883635,43170.2710408,2.6070400,0.2361457,5.9485616,-0.1643299
250.1598087,89645.7826147,43169.3822428,2.8247199,0.2240330,5.9208985,-0.1643299
251.1521167,89645.5784675,43168.4111614,3.0637460,0.2729883,5.8931055,4.5238641
252.0972275,89645.6332675,43167.4676407,-2.9971864,0.1662446,6.6157226,4.7354941
253.1352608,89645.8628828,43166.4553216,-2.8295264,0.1787042,7.2958711,2.1522364
254.1302189,89646.2548694,43165.5408337,-2.6585185,0.1585978,7.5848599,2.4980708
255.1144008,89646.7793660,43164.7080568,-2.5324077,0.0909309,7.9070521,5.0069306
256.1506191,89647.4097216,43163.8856213,-2.4666712,0.0432895,8.5162068,4.9600354
257.1196194,89648.0320041,43163.1428386,-2.4184035,0.0515122,9.0794483,4.9135795
258.1226506,89648.7143497,43162.4076678,-2.3562251,0.0726145,9.6049030,4.8675586
259.1475033,89649.4649188,43161.7098362,-2.2749199,0.0917558,10.0985141,1.8933892
260.1254200,89650.2392080,43161.1125111,-2.1778704,0.1006071,10.2841214,-1.3280930
261.1192501,89651.0823627,43160.5864041,-2.0752833,0.1049035,10.1542849,-1.6061146
262.1363600,89651.9971807,43160.1418589,-1.9708854,0.1058794,9.9950156,-1.5614249
263.1228103,89652.9250980,43159.8071147,-1.8668532,0.1008055,9.8377064,-2.5420407
264.1175884,89653.8898509,43159.5645546,-1.7680259,0.0971475,9.5760764,-3.4190396
265.1277476,89654.8888339,43159.4147064,-1.6689087,0.0974790,9.2124744,-3.9461265
266.1691306,89655.9289742,43159.3638469,-1.5682439,0.0962879,8.7741076,-4.8372635
267.2365061,89656.9948673,43159.4200820,-1.4681541,0.1000025,8.2048565,-4.9564268
268.2347152,89657.9809490,43159.5752090,-1.3537377,0.1317381,7.5773529,-0.2666414
269.1605368,89658.8699802,43159.8336062,-1.1819190,0.2006327,7.5421153,-0.2666414
270.2154163,89659.8047324,43160.3224918,-1.0350470,0.1161021,7.5067123,1.7476310
271.1428228,89660.5717087,43160.8438651,-0.9147584,0.1276914,7.7358035,-2.4451999
272.0665996,89661.2690746,43161.4497070,-0.8019910,0.1024712,7.4132937,-0.2552202
273.1107231,89661.9843291,43162.2103678,-0.6629451,0.1987382,7.3788190,-0.2552202
274.0322311,89662.4730439,43162.9916071,-0.5108657,0.0956192,7.3441825,5.0471702
275.0387257,89662.9259927,43163.8904223,-0.4534147,0.0248367,8.0013576,4.9998982
276.1161137,89663.3857869,43164.8647704,-0.4486320,-0.0142311,8.6030213,4.9530689
277.2005631,89663.8636258,43165.8382695,-0.4684811,-0.0236333,9.1601670,-6.7439060
278.2315302,89664.3408897,43166.7521143,-0.4953378,-0.0309364,8.3924800,-9.4218818
279.1392849,89664.7850531,43167.5437818,-0.5493897,-0.0748268,7.1838667,-0.2396675
280.1574957,89665.3459142,43168.3935983,-0.6833657,-0.2097850,7.1504589,-0.2396675
281.1093334,89666.0223047,43169.0632929,-0.8859991,-0.2048730,7.1168944,1.5790135
282.0414319,89666.7983037,43169.5796583,-1.0582599,-0.1453662,7.3352027,4.1938216
283.0668913,89667.7240105,43170.0208316,-1.2113442,-0.1614423,7.8857363,0.6592288
284.1221433,89668.7391573,43170.3089874,-1.3878133,-0.1817597,7.9688165,-0.2976658
285.1505499,89669.7636802,43170.3982786,-1.5578719,-0.1503625,7.9314105,2.3563817
286.1340698,89670.7451569,43170.3349153,-1.6970753,-0.1293679,8.2228668,3.2558456
287.0890195,89671.6829324,43170.1546209,-1.8347132,-0.1540002,8.6093562,-0.2668779
288.0488814,89672.5886395,43169.8367695,-1.9823080,-0.1435634,8.5783313,0.6577601
289.0788052,89673.5019546,43169.3607457,-2.0945990,-0.0901450,8.6545961,4.9488967
290.0399748,89674.3110394,43168.8418731,-2.1762420,-0.0684191,9.2081692,4.9025451
291.0688619,89675.1373286,43168.2288032,-2.2463491,-0.0721989,9.7255392,4.8566276
292.0996631,89675.9172295,43167.5547812,-2.3290683,-0.0904412,10.2122524,1.8172215
293.1070049,89676.6155004,43166.8287265,-2.4253607,-0.1007895,10.3885068,0.4825487
294.0920618,89677.2236839,43166.0538395,-2.5240784,-0.0957306,10.4348095,0.9451921
295.0930542,89677.7641436,43165.2112904,-2.6105723,-0.0805897,10.5249147,2.6975357
296.0687686,89678.2239207,43164.3506954,-2.6860353,-0.0700501,10.7779289,3.3723437
297.0711937,89678.6339293,43163.4359556,-2.7541103,-0.0668155,11.0861176,3.2630606
298.0855520,89678.9855471,43162.4844895,-2.8230569,-0.0681115,11.3763744,2.5554720
299.1263186,89679.2771516,43161.4854090,-2.8920398,-0.0668537,11.5986189,0.0973687
300.1561631,89679.4966211,43160.4792217,-2.9591687,-0.0663576,11.6070028,-3.2569593
301.1304819,89679.6405337,43159.5155899,-3.0301917,-0.0737775,11.3231979,-2.4393838
302.1291320,89679.7158122,43158.5197811,-3.1064484,-0.0800621,11.1058858,-2.0069531
303.1357653,89679.7109367,43157.5131596,3.1066622,-0.0633772,10.9238557,-4.1065502
304.0850829,89679.6475366,43156.5659614,3.0550668,-0.0407530,10.5416015,-4.2299768
305.0513885,89679.5454240,43155.6050662,2.9961026,-0.0790160,10.1327924,-0.4947625
306.0539394,89679.3623130,43154.6193793,2.9009231,-0.1146947,10.0838932,-0.4782755
307.0472296,89679.0704891,43153.6699246,2.7852552,-0.1180994,10.0363969,-0.5343875
308.0313130,89678.6736944,43152.7693836,2.6672695,-0.1153268,9.9830611,-0.4628284
309.0590663,89678.1531564,43151.8832025,2.5492924,-0.1210816,9.9366360,-0.4628284
310.0693408,89677.5380897,43151.0817366,2.4266103,-0.1208978,9.8899930,-0.2495986
311.0682695,89676.8383455,43150.3688435,2.3065337,-0.1175231,9.8647474,0.1544063
312.0712106,89676.0566006,43149.7405396,2.1873456,-0.1191818,9.8803724,-0.1104307
313.0851056,89675.1958258,43149.2047694,2.0695711,-0.1143836,9.8692000,0.4096305
314.0981924,89674.2795602,43148.7725631,1.9599225,-0.1045415,9.9105796,1.3260916
315.0854885,89673.3475204,43148.4469017,1.8564641,-0.0998454,10.0433679,1.4616103
316.0961985,89672.3649112,43148.2102291,1.7616728,-0.0899780,10.1877215,2.0675486
317.1068259,89671.3649464,43148.0638111,1.6841098,-0.0665454,10.3884947,4.2743159
318.0707109,89670.4041197,43147.9870892,1.6335932,-0.0350548,10.7917234,4.7540877
319.0339555,89669.4418897,43147.9428902,1.6150028,-0.0034325,11.2232079,4.7095606
320.0216953,89668.4550440,43147.9008713,1.6248916,0.0228241,11.6348841,4.6654507
321.0330598,89667.4458395,43147.8348078,1.6502375,0.0290444,12.0288206,0.2245240
322.0021319,89666.4810574,43147.7437247,1.6762216,0.0220917,12.0474538,-9.4870748
323.0247847,89665.4652926,43147.6252311,1.6966219,0.0185993,11.2332142,-10.0235419
324.0673768,89664.4322339,43147.4845612,1.7194429,0.0258073,10.3032592,-7.5086687
325.0988813,89663.4142519,43147.3180854,1.7601204,0.0544851,9.5474680,-4.6672523
326.0980727,89662.4385861,43147.1025403,1.8341614,0.0952976,9.0459134,-0.6781249
327.0617965,89661.5210921,43146.8076365,1.9537649,0.1367936,8.9707075,-0.3875665
328.1132063,89660.5738653,43146.3513208,2.0868072,0.1365111,8.9274409,-1.0769858
329.0952299,89659.7566822,43145.8067273,2.2188405,0.1263516,8.8060936,-1.5622765
330.0476614,89659.0344715,43145.1858106,2.3505071,0.1435501,8.6270339,-0.3456333
331.0163895,89658.3937638,43144.4592243,2.4991052,0.1564444,8.5869148,-0.3456333
332.0403706,89657.8440916,43143.5952811,2.6325564,0.1220660,8.5466075,3.1780980
332.9836404,89657.4367780,43142.7444853,2.7484018,0.1048841,8.9103664,3.4199979
333.9996729,89657.0943990,43141.7878774,2.8560022,0.1113747,9.2859085,2.1060158
335.0426477,89656.8576601,43140.7721259,2.9730896,0.1199579,9.5097902,0.2047316
336.0503359,89656.7511396,43139.7700835,3.0870401,0.1024288,9.5312739,2.4106775
337.0526032,89656.7482115,43138.7678205,-3.1035341,0.0830775,9.7806920,3.8518888
338.0388780,89656.8267379,43137.7846768,-3.0338931,0.0558066,10.1665314,4.8155077
339.0420678,89656.9619795,43136.7906448,-3.0003824,0.0120779,10.6292137,4.7704054
340.0334524,89657.1074521,43135.8099914,-3.0099207,-0.0313734,11.0685089,4.7257255
341.0276709,89657.2226412,43134.8224683,-3.0530935,-0.0559164,11.4871372,3.3398518
342.0154679,89657.2825627,43133.8364904,-3.1102957,-0.0587647,11.7740244,2.7477950
343.0159930,89657.2848330,43132.8359679,3.1149251,-0.0579240,12.0049154,1.9913794
344.0149784,89657.2292693,43131.8385289,3.0607689,-0.0520428,12.1695091,1.3347523
344.9823469,89657.1261298,43130.8766745,3.0146554,-0.0453103,12.2785956,3.4727499
345.8701883,89656.9944578,43129.9986512,2.9730278,-0.0501628,12.5579768,-30.7812180
346.6559793,89656.8454099,43129.2271253,2.9238736,-0.0728028,9.8081139,-5.1910739
